32,0,4,-0.00259715062566101551,0.99998909235000610352,-0.00389456655830144882
32,1,4,-0.00258086342364549637,0.99998980760574340820,-0.00370573112741112709
32,2,4,-0.00255070766434073448,0.99999111890792846680,-0.00338128721341490746
32,3,4,-0.00250886706635355949,0.99999243021011352539,-0.00298558128997683525
32,4,4,-0.00245727621950209141,0.99999368190765380859,-0.00257137534208595753
32,5,4,-0.00239756610244512558,0.99999475479125976562,-0.00217313435859978199
32,6,4,-0.00233125616796314716,0.99999564886093139648,-0.00180962216109037399
32,7,4,-0.00225958554074168205,0.99999636411666870117,-0.00148878921754658222
32,8,4,-0.00218375748954713345,0.99999696016311645508,-0.00121200096327811480
32,9,4,-0.00210475944913923740,0.99999731779098510742,-0.00097699265461415052
32,10,4,-0.00202361424453556538,0.99999767541885375977,-0.00077975721796974540
32,11,4,-0.00194107461720705032,0.99999791383743286133,-0.00061566371005028486
32,12,4,-0.00185799435712397099,0.99999821186065673828,-0.00048007332952693105
32,13,4,-0.00177492259535938501,0.99999845027923583984,-0.00036865950096398592
32,14,4,-0.00169255118817090988,0.99999856948852539062,-0.00027755092014558613
32,15,4,-0.00161127094179391861,0.99999868869781494141,-0.00020337406022008508
32,16,4,-0.00153159000910818577,0.99999886751174926758,-0.00014323715004138649
32,17,4,-0.00145377020817250013,0.99999892711639404297,-0.00009470154327573255
32,18,4,-0.00137819570954889059,0.99999910593032836914,-0.00005571812289417721
32,19,4,-0.00130498281214386225,0.99999922513961791992,-0.00002458459312038030
32,20,4,-0.00123440008610486984,0.99999928474426269531,0.00000011203648853098
32,21,4,-0.00116648199036717415,0.99999934434890747070,0.00001953851824509911
32,22,4,-0.00110138545278459787,0.99999940395355224609,0.00003465453482931480
32,23,4,-0.00103909312747418880,0.99999952316284179688,0.00004625143992598169
32,24,4,-0.00097967940382659435,0.99999952316284179688,0.00005497795064002275
32,25,4,-0.00092307658633217216,0.99999958276748657227,0.00006136942101875320
32,26,4,-0.00086929544340819120,0.99999964237213134766,0.00006586305971723050
32,27,4,-0.00081825483357533813,0.99999970197677612305,0.00006881952140247449
32,28,4,-0.00076991546666249633,0.99999976158142089844,0.00007053467561490834
32,29,4,-0.00072417448973283172,0.99999982118606567383,0.00007125356205506250
32,30,4,-0.00068097328767180443,0.99999982118606567383,0.00007117366476450115
32,31,4,-0.00064019142882898450,0.99999988079071044922,0.00007046116661513224
32,32,4,-0.00060176430270075798,0.99999982118606567383,0.00006925107300048694
32,33,4,-0.00056555983610451221,0.99999982118606567383,0.00006765526632079855
32,34,4,-0.00053150724852457643,0.99999994039535522461,0.00006576469604624435
32,35,4,-0.00049947126535698771,0.99999988079071044922,0.00006365434092003852
32,36,4,-0.00046939135063439608,0.99999994039535522461,0.00006138613389339298
32,37,4,-0.00044112920295447111,0.99999988079071044922,0.00005901055192225613
32,38,4,-0.00041462579974904656,1.00000000000000000000,0.00005656877328874543
32,39,4,-0.00038974339258857071,1.00000000000000000000,0.00005409519144450314
32,40,4,-0.00036643719067797065,1.00000000000000000000,0.00005161552689969540
32,41,4,-0.00034457386936992407,1.00000000000000000000,0.00004915216413792223
32,42,4,-0.00032411262509413064,1.00000000000000000000,0.00004672263457905501
32,43,4,-0.00030492726364172995,1.00000000000000000000,0.00004434088987181894
32,44,4,-0.00028698635287582874,1.00000000000000000000,0.00004201696356176399
32,45,4,-0.00027016695821657777,1.00000000000000000000,0.00003975984873250127
32,46,4,-0.00025445065693929791,1.00000000000000000000,0.00003757474041776732
32,47,4,-0.00023971806513145566,1.00000000000000000000,0.00003546685184119269
32,48,4,-0.00022595607151743025,1.00000000000000000000,0.00003343935895827599
32,49,4,-0.00021305566770024598,1.00000000000000000000,0.00003149323310935870
32,50,4,-0.00020100601250305772,1.00000000000000000000,0.00002962911639770027
32,51,4,-0.00018971336248796433,1.00000000000000000000,0.00002784758726193104
32,52,4,-0.00017916514480020851,1.00000000000000000000,0.00002614763798192143
32,53,4,-0.00016927706019487232,1.00000000000000000000,0.00002452793341944925
32,54,4,-0.00016004097415134311,1.00000000000000000000,0.00002298741492268164
32,55,4,-0.00015138147864490747,1.00000000000000000000,0.00002152393608412240
32,56,4,-0.00014329155965242535,1.00000000000000000000,0.00002013524863286875
32,57,4,-0.00013570173177868128,1.00000000000000000000,0.00001881891148514114
32,58,4,-0.00012861019058618695,1.00000000000000000000,0.00001757245445332956
32,59,4,-0.00012195516319479793,1.00000000000000000000,0.00001639368019823451
32,60,4,-0.00011573306255741045,1.00000000000000000000,0.00001527956010249909
32,61,4,-0.00010989015572704375,1.00000000000000000000,0.00001422764671588084
32,62,4,-0.00010442491475259885,1.00000000000000000000,0.00001323513970419299
32,63,4,-0.00009928924555424601,1.00000000000000000000,0.00001229931149282493
32,64,4,-0.00009448307537240908,1.00000000000000000000,0.00001141802567872219
32,65,4,-0.00008996353426482528,1.00000000000000000000,0.00001058816815202590
32,66,4,-0.00008572993829147890,1.00000000000000000000,0.00000980755248747300
32,67,4,-0.00008174673712346703,1.00000000000000000000,0.00000907390312931966
32,68,4,-0.00007801173342159018,1.00000000000000000000,0.00000838434152683476
32,69,4,-0.00007449474651366472,1.00000000000000000000,0.00000773738520365441
32,70,4,-0.00007119342626538128,1.00000000000000000000,0.00000713049348632921
32,71,4,-0.00006808192119933665,1.00000000000000000000,0.00000656101110507734
32,72,4,-0.00006515909626614302,1.00000000000000000000,0.00000602718864683993
32,73,4,-0.00006240092625375837,1.00000000000000000000,0.00000552727669855813
32,74,4,-0.00005980602145427838,1.00000000000000000000,0.00000505999969391269
32,75,4,-0.00005735588638344780,1.00000000000000000000,0.00000462298294223729
32,76,4,-0.00005504798173205927,1.00000000000000000000,0.00000421394224758842
32,77,4,-0.00005286664236336946,1.00000000000000000000,0.00000383237056666985
32,78,4,-0.00005080872870166786,1.00000000000000000000,0.00000347591571880912
32,79,4,-0.00004886145325144753,1.00000000000000000000,0.00000314336625706346
32,80,4,-0.00004702174555859528,1.00000000000000000000,0.00000283332610706566
32,81,4,-0.00004527946293819696,1.00000000000000000000,0.00000254474025496165
32,82,4,-0.00004363042899058200,1.00000000000000000000,0.00000227664554586227
32,83,4,-0.00004206715675536543,1.00000000000000000000,0.00000202658884518314
32,84,4,-0.00004058534250361845,1.00000000000000000000,0.00000179417179424490
32,85,4,-0.00003917894719052128,1.00000000000000000000,0.00000157844056047907
32,86,4,-0.00003784430373343639,1.00000000000000000000,0.00000137828976676246
32,87,4,-0.00003657561319414526,1.00000000000000000000,0.00000119278104193654
32,88,4,-0.00003537015800247900,1.00000000000000000000,0.00000102133265045268
32,89,4,-0.00003422157533350401,1.00000000000000000000,0.00000086263310095092
32,90,4,-0.00003312939224997535,1.00000000000000000000,0.00000071575402671442
32,91,4,-0.00003208770795026794,1.00000000000000000000,0.00000058019173820867
32,92,4,-0.00003109476529061794,1.00000000000000000000,0.00000045541983695330
32,93,4,-0.00003014722642546985,1.00000000000000000000,0.00000034070572496603
32,94,4,-0.00002924306863860693,1.00000000000000000000,0.00000023504249213602
32,95,4,-0.00002837806641764473,1.00000000000000000000,0.00000013815269994666
32,96,4,-0.00002755263449216727,1.00000000000000000000,0.00000004958866028915
32,97,4,-0.00002676160875125788,1.00000000000000000000,-0.00000003153056127303
32,98,4,-0.00002600500374683179,1.00000000000000000000,-0.00000010561831231826
32,99,4,-0.00002527925244066864,1.00000000000000000000,-0.00000017338321356419
32,100,4,-0.00002458467861288227,1.00000000000000000000,-0.00000023475834609599
32,101,4,-0.00002391670386714395,1.00000000000000000000,-0.00000029027987125119
32,102,4,-0.00002327750553376973,1.00000000000000000000,-0.00000034053613262586
32,103,4,-0.00002266187584609725,1.00000000000000000000,-0.00000038577488226110
32,104,4,-0.00002207156830991153,1.00000000000000000000,-0.00000042642886910471
32,105,4,-0.00002150248292309698,1.00000000000000000000,-0.00000046306877266034
32,106,4,-0.00002095650961564388,1.00000000000000000000,-0.00000049518558853379
32,107,4,-0.00002042928099399433,1.00000000000000000000,-0.00000052367903435879
32,108,4,-0.00001992294892261270,1.00000000000000000000,-0.00000054899084034332
32,109,4,-0.00001943290772032924,1.00000000000000000000,-0.00000057082479543169
32,110,4,-0.00001896255525934976,1.00000000000000000000,-0.00000058997414953410
32,111,4,-0.00001850647822720930,1.00000000000000000000,-0.00000060616468999797
32,112,4,-0.00001806760701583698,1.00000000000000000000,-0.00000061962862218934
32,113,4,-0.00001764193257258739,1.00000000000000000000,-0.00000063116135606833
32,114,4,-0.00001723229070194066,1.00000000000000000000,-0.00000064043945258163
32,115,4,-0.00001683445952949114,1.00000000000000000000,-0.00000064789435327839
32,116,4,-0.00001645108568482101,1.00000000000000000000,-0.00000065327998299836
32,117,4,-0.00001607848753337748,1.00000000000000000000,-0.00000065707860130715
32,118,4,-0.00001571941902511753,1.00000000000000000000,-0.00000065932835013882
32,119,4,-0.00001537013122288045,1.00000000000000000000,-0.00000066008357180181
32,120,4,-0.00001503278963355115,1.00000000000000000000,-0.00000065945300775638
32,121,4,-0.00001470444203732768,1.00000000000000000000,-0.00000065794341708170
32,122,4,-0.00001438725121261086,1.00000000000000000000,-0.00000065534095483599
32,123,4,-0.00001407836407452123,1.00000000000000000000,-0.00000065174214114450
32,124,4,-0.00001377937860524980,1.00000000000000000000,-0.00000064741448113637
32,125,4,-0.00001348816113022622,1.00000000000000000000,-0.00000064196615312540
32,126,4,-0.00001320625960943289,1.00000000000000000000,-0.00000063582302800569
32,127,4,-0.00001293138484470546,1.00000000000000000000,-0.00000062931383126852
32,128,4,-0.00001266498748009326,1.00000000000000000000,-0.00000062193430494517
32,129,4,-0.00001240540859726025,1.00000000000000000000,-0.00000061414959873218
32,130,4,-0.00001215349675476318,1.00000000000000000000,-0.00000060610562968577
32,131,4,-0.00001190772672998719,1.00000000000000000000,-0.00000059770582083729
32,132,4,-0.00001166932361229556,1.00000000000000000000,-0.00000058906647382173
32,133,4,-0.00001143671579484362,1.00000000000000000000,-0.00000057986108004116
32,134,4,-0.00001121020432037767,1.00000000000000000000,-0.00000057021031807380
32,135,4,-0.00001098937991628191,1.00000000000000000000,-0.00000056065846365527
32,136,4,-0.00001077497745427536,1.00000000000000000000,-0.00000055120739261838
32,137,4,-0.00001056564542523120,1.00000000000000000000,-0.00000054123125892147
32,138,4,-0.00001036145658872556,1.00000000000000000000,-0.00000053125694421396
32,139,4,-0.00001016257920127828,1.00000000000000000000,-0.00000052131048278170
32,140,4,-0.00000996855487755965,1.00000000000000000000,-0.00000051119513955200
32,141,4,-0.00000977938816504320,1.00000000000000000000,-0.00000050088675607185
32,142,4,-0.00000959486715146340,1.00000000000000000000,-0.00000049086150966104
32,143,4,-0.00000941470898396801,1.00000000000000000000,-0.00000048076555003718
32,144,4,-0.00000923909374250798,1.00000000000000000000,-0.00000047047936391209
32,145,4,-0.00000906746572582051,1.00000000000000000000,-0.00000046049891011535
32,146,4,-0.00000889998955244664,1.00000000000000000000,-0.00000045058146724841
32,147,4,-0.00000873647604748840,1.00000000000000000000,-0.00000044113258468315
32,148,4,-0.00000857672966958489,1.00000000000000000000,-0.00000043168418528694
32,149,4,-0.00000842076951812487,1.00000000000000000000,-0.00000042192431237709
32,150,4,-0.00000826845462142956,1.00000000000000000000,-0.00000041237686332352
32,151,4,-0.00000811975041870028,1.00000000000000000000,-0.00000040307071458301
32,152,4,-0.00000797429220256163,1.00000000000000000000,-0.00000039380958583024
32,153,4,-0.00000783218365540961,1.00000000000000000000,-0.00000038465805118904
32,154,4,-0.00000769322832638863,1.00000000000000000000,-0.00000037586622170238
32,155,4,-0.00000755732116886065,1.00000000000000000000,-0.00000036719339391311
32,156,4,-0.00000742443307899521,1.00000000000000000000,-0.00000035871465797754
32,157,4,-0.00000729445446268073,1.00000000000000000000,-0.00000034980902796633
32,158,4,-0.00000716743079465232,1.00000000000000000000,-0.00000034136144222430
32,159,4,-0.00000704312833477161,1.00000000000000000000,-0.00000033330914561702
32,160,4,-0.00000692149706083001,1.00000000000000000000,-0.00000032512377856619
32,161,4,-0.00000680241009831661,1.00000000000000000000,-0.00000031703120839666
32,162,4,-0.00000668598977426882,1.00000000000000000000,-0.00000030924871907700
32,163,4,-0.00000657184546071221,1.00000000000000000000,-0.00000030188846267265
32,164,4,-0.00000646024591333116,1.00000000000000000000,-0.00000029453875072250
32,165,4,-0.00000635096057521878,1.00000000000000000000,-0.00000028700367238343
32,166,4,-0.00000624397807769128,1.00000000000000000000,-0.00000027998163432130
32,167,4,-0.00000613932252235827,1.00000000000000000000,-0.00000027310076688991
32,168,4,-0.00000603688067712937,1.00000000000000000000,-0.00000026626858584677
32,169,4,-0.00000593639924773015,1.00000000000000000000,-0.00000025973855599659
32,170,4,-0.00000583809378440492,1.00000000000000000000,-0.00000025343663878630
32,171,4,-0.00000574162868360872,1.00000000000000000000,-0.00000024715180302337
32,172,4,-0.00000564724587093224,1.00000000000000000000,-0.00000024100438622554
32,173,4,-0.00000555476026420365,1.00000000000000000000,-0.00000023469834786738
32,174,4,-0.00000546423416381003,1.00000000000000000000,-0.00000022912963970612
32,175,4,-0.00000537543064638157,1.00000000000000000000,-0.00000022348875461375
32,176,4,-0.00000528853479409008,1.00000000000000000000,-0.00000021786573256577
32,177,4,-0.00000520311459695222,1.00000000000000000000,-0.00000021243597814191
32,178,4,-0.00000511967937200097,1.00000000000000000000,-0.00000020706303871521
32,179,4,-0.00000503755154568353,1.00000000000000000000,-0.00000020215355789333
32,180,4,-0.00000495724952997989,1.00000000000000000000,-0.00000019747186286168
32,181,4,-0.00000487823990624747,1.00000000000000000000,-0.00000019255533345586
32,182,4,-0.00000480110657008481,1.00000000000000000000,-0.00000018775237720092
32,183,4,-0.00000472532110507018,1.00000000000000000000,-0.00000018312223915018
32,184,4,-0.00000465116499981377,1.00000000000000000000,-0.00000017857779255337
32,185,4,-0.00000457829128208687,1.00000000000000000000,-0.00000017426394549602
32,186,4,-0.00000450714378530392,1.00000000000000000000,-0.00000017024038356794
32,187,4,-0.00000443702992924955,1.00000000000000000000,-0.00000016620280973711
32,188,4,-0.00000436846357843024,1.00000000000000000000,-0.00000016228739241342
32,189,4,-0.00000430098407377955,1.00000000000000000000,-0.00000015816650034139
32,190,4,-0.00000423512801717152,1.00000000000000000000,-0.00000015451689705515
32,191,4,-0.00000417023420595797,1.00000000000000000000,-0.00000015080925663824
32,192,4,-0.00000410693610319868,1.00000000000000000000,-0.00000014724683694567
32,193,4,-0.00000404455977331963,1.00000000000000000000,-0.00000014388658087228
32,194,4,-0.00000398350357500021,1.00000000000000000000,-0.00000014041722806724
32,195,4,-0.00000392326319342828,1.00000000000000000000,-0.00000013724937275583
32,196,4,-0.00000386427882403950,1.00000000000000000000,-0.00000013420419975319
32,197,4,-0.00000380646201847412,1.00000000000000000000,-0.00000013107192842199
32,198,4,-0.00000374972637473547,1.00000000000000000000,-0.00000012805868720989
32,199,4,-0.00000369384270015871,1.00000000000000000000,-0.00000012515938863089
32,200,4,-0.00000363933122571325,1.00000000000000000000,-0.00000012227530987730
32,201,4,-0.00000358561533175816,1.00000000000000000000,-0.00000011950328371313
32,202,4,-0.00000353288032783894,1.00000000000000000000,-0.00000011694544355123
32,203,4,-0.00000348091998603195,1.00000000000000000000,-0.00000011444192438148
32,204,4,-0.00000343015130965796,1.00000000000000000000,-0.00000011202190108861
32,205,4,-0.00000338014024237054,1.00000000000000000000,-0.00000010938738626010
32,206,4,-0.00000333111620420823,1.00000000000000000000,-0.00000010713772269355
32,207,4,-0.00000328284954775881,1.00000000000000000000,-0.00000010484220780427
32,208,4,-0.00000323560584547522,1.00000000000000000000,-0.00000010236846037515
32,209,4,-0.00000318908132612705,1.00000000000000000000,-0.00000010024137253595
32,210,4,-0.00000314353655994637,1.00000000000000000000,-0.00000009815975943184
32,211,4,-0.00000309852998725546,1.00000000000000000000,-0.00000009621042806884
32,212,4,-0.00000305461503558035,1.00000000000000000000,-0.00000009467834871657
32,213,4,-0.00000301139152725227,1.00000000000000000000,-0.00000009271450807091
32,214,4,-0.00000296899793283956,1.00000000000000000000,-0.00000009066309303307
32,215,4,-0.00000292728987005830,1.00000000000000000000,-0.00000008886014768450
32,216,4,-0.00000288651426672004,1.00000000000000000000,-0.00000008718986066469
32,217,4,-0.00000284632460534340,1.00000000000000000000,-0.00000008548560259669
32,218,4,-0.00000280673725683300,1.00000000000000000000,-0.00000008395106476655
32,219,4,-0.00000276787318398419,1.00000000000000000000,-0.00000008246216509633
32,220,4,-0.00000272974511972279,1.00000000000000000000,-0.00000008105127591307
32,221,4,-0.00000269215979642468,1.00000000000000000000,-0.00000007932857926107
32,222,4,-0.00000265530115939328,1.00000000000000000000,-0.00000007775753374517
32,223,4,-0.00000261896821029950,1.00000000000000000000,-0.00000007630948317683
32,224,4,-0.00000258343879977474,1.00000000000000000000,-0.00000007489396836036
32,225,4,-0.00000254833048529690,1.00000000000000000000,-0.00000007325023432259
32,226,4,-0.00000251399183071044,1.00000000000000000000,-0.00000007176987537605
32,227,4,-0.00000248015749093611,1.00000000000000000000,-0.00000007062128304369
32,228,4,-0.00000244709326580050,1.00000000000000000000,-0.00000006951994180326
32,229,4,-0.00000241456973526510,1.00000000000000000000,-0.00000006827083609551
32,230,4,-0.00000238264715335390,1.00000000000000000000,-0.00000006698471111122
32,231,4,-0.00000235117317970435,1.00000000000000000000,-0.00000006562715526570
32,232,4,-0.00000232040838454850,1.00000000000000000000,-0.00000006437630872824
32,233,4,-0.00000229019610742398,1.00000000000000000000,-0.00000006335899627175
32,234,4,-0.00000226040674533579,1.00000000000000000000,-0.00000006236555805117
32,235,4,-0.00000223115603148472,1.00000000000000000000,-0.00000006136360042319
32,236,4,-0.00000220247329707490,1.00000000000000000000,-0.00000006032030341885
32,237,4,-0.00000217434376281744,1.00000000000000000000,-0.00000005914456124856
32,238,4,-0.00000214666920328455,1.00000000000000000000,-0.00000005811643077891
32,239,4,-0.00000211942074201943,1.00000000000000000000,-0.00000005734289842962
32,240,4,-0.00000209259860639577,1.00000000000000000000,-0.00000005624029597584
32,241,4,-0.00000206608660846541,1.00000000000000000000,-0.00000005556684001817
32,242,4,-0.00000203997865355632,1.00000000000000000000,-0.00000005456774587742
32,243,4,-0.00000201435568669694,1.00000000000000000000,-0.00000005382939605170
32,244,4,-0.00000198891939362511,1.00000000000000000000,-0.00000005328239538471
32,245,4,-0.00000196414907804865,1.00000000000000000000,-0.00000005261070512574
32,246,4,-0.00000193957976080128,1.00000000000000000000,-0.00000005170483063921
32,247,4,-0.00000191564004126121,1.00000000000000000000,-0.00000005070090836057
32,248,4,-0.00000189161994512688,1.00000000000000000000,-0.00000004972804390491
32,249,4,-0.00000186828515325033,1.00000000000000000000,-0.00000004907242612262
32,250,4,-0.00000184504415301490,1.00000000000000000000,-0.00000004853155033402
32,251,4,-0.00000182242217761086,1.00000000000000000000,-0.00000004798067720913
32,252,4,-0.00000179986272996757,1.00000000000000000000,-0.00000004725546531859
32,253,4,-0.00000177764104591915,1.00000000000000000000,-0.00000004619586846388
32,254,4,-0.00000175574598415551,1.00000000000000000000,-0.00000004567416311829
32,255,4,-0.00000173431692473969,1.00000000000000000000,-0.00000004516170548641
32,256,4,-0.00000171285864780657,1.00000000000000000000,-0.00000004426473054764
32,257,4,-0.00000169182294484926,1.00000000000000000000,-0.00000004343863579948
32,258,4,-0.00000167101291026484,1.00000000000000000000,-0.00000004279405274588
32,259,4,-0.00000165075505265122,1.00000000000000000000,-0.00000004232402517346
32,260,4,-0.00000163033803346480,1.00000000000000000000,-0.00000004198633973829
32,261,4,-0.00000161063258019567,1.00000000000000000000,-0.00000004131314668143
32,262,4,-0.00000159075750616466,1.00000000000000000000,-0.00000004077068993524
32,263,4,-0.00000157151373514353,1.00000000000000000000,-0.00000004035079470555
32,264,4,-0.00000155258692302596,1.00000000000000000000,-0.00000003968385087205
32,265,4,-0.00000153397331814631,1.00000000000000000000,-0.00000003918258073554
32,266,4,-0.00000151531173742114,1.00000000000000000000,-0.00000003869548237390
32,267,4,-0.00000149717266140215,1.00000000000000000000,-0.00000003847483398545
32,268,4,-0.00000147916341575183,1.00000000000000000000,-0.00000003802478687476
32,269,4,-0.00000146157105973543,1.00000000000000000000,-0.00000003742521315075
32,270,4,-0.00000144405589708185,1.00000000000000000000,-0.00000003680237625758
32,271,4,-0.00000142691396831651,1.00000000000000000000,-0.00000003653081392940
32,272,4,-0.00000141006989906600,1.00000000000000000000,-0.00000003596787578886
32,273,4,-0.00000139329506509966,1.00000000000000000000,-0.00000003551676996949
32,274,4,-0.00000137677591283136,1.00000000000000000000,-0.00000003491060596161
32,275,4,-0.00000136059406941058,1.00000000000000000000,-0.00000003478152521552
32,276,4,-0.00000134463209633395,1.00000000000000000000,-0.00000003470716336551
32,277,4,-0.00000132891307202954,1.00000000000000000000,-0.00000003419950900252
32,278,4,-0.00000131338458686514,1.00000000000000000000,-0.00000003380000279662
32,279,4,-0.00000129825320982491,1.00000000000000000000,-0.00000003336803899856
32,280,4,-0.00000128325245896121,1.00000000000000000000,-0.00000003300300122078
32,281,4,-0.00000126848306081229,1.00000000000000000000,-0.00000003287444272360
32,282,4,-0.00000125378483062377,1.00000000000000000000,-0.00000003272134918575
32,283,4,-0.00000123937604712410,1.00000000000000000000,-0.00000003250400482102
32,284,4,-0.00000122508936328813,1.00000000000000000000,-0.00000003239001600264
32,285,4,-0.00000121107700579159,1.00000000000000000000,-0.00000003184552710422
32,286,4,-0.00000119723301850172,1.00000000000000000000,-0.00000003140776527744
32,287,4,-0.00000118363959700218,1.00000000000000000000,-0.00000003118163149907
32,288,4,-0.00000117015144951438,1.00000000000000000000,-0.00000003077191124135
32,289,4,-0.00000115682723844657,1.00000000000000000000,-0.00000003011983196188
32,290,4,-0.00000114366002890165,1.00000000000000000000,-0.00000002982702440590
32,291,4,-0.00000113079647690029,1.00000000000000000000,-0.00000002962065970280
32,292,4,-0.00000111798283342068,1.00000000000000000000,-0.00000002956856270941
32,293,4,-0.00000110538769604318,1.00000000000000000000,-0.00000002914776509044
32,294,4,-0.00000109287714167294,1.00000000000000000000,-0.00000002892061168325
32,295,4,-0.00000108062386061647,1.00000000000000000000,-0.00000002857095715569
32,296,4,-0.00000106856543879985,1.00000000000000000000,-0.00000002827014000673
32,297,4,-0.00000105668982541829,1.00000000000000000000,-0.00000002800492460153
32,298,4,-0.00000104468892914156,1.00000000000000000000,-0.00000002781962571419
32,299,4,-0.00000103301101717079,1.00000000000000000000,-0.00000002756780048685
32,300,4,-0.00000102156047887547,1.00000000000000000000,-0.00000002742688032242
32,301,4,-0.00000101013381481607,1.00000000000000000000,-0.00000002706594592894
32,302,4,-0.00000099888711702079,1.00000000000000000000,-0.00000002673836263511
32,303,4,-0.00000098787052138505,1.00000000000000000000,-0.00000002654263653312
32,304,4,-0.00000097698978152039,1.00000000000000000000,-0.00000002648239139091
32,305,4,-0.00000096620419753890,1.00000000000000000000,-0.00000002620135042264
32,306,4,-0.00000095546965894755,1.00000000000000000000,-0.00000002578734381586
32,307,4,-0.00000094488098056900,1.00000000000000000000,-0.00000002552881284146
32,308,4,-0.00000093442696424972,1.00000000000000000000,-0.00000002565475654137
32,309,4,-0.00000092416576080723,1.00000000000000000000,-0.00000002539885457509
32,310,4,-0.00000091396270818223,1.00000000000000000000,-0.00000002497371198729
32,311,4,-0.00000090408468622627,1.00000000000000000000,-0.00000002460379633362
32,312,4,-0.00000089432791128274,1.00000000000000000000,-0.00000002427506906599
32,313,4,-0.00000088474280346418,1.00000000000000000000,-0.00000002422604339358
32,314,4,-0.00000087513916469106,1.00000000000000000000,-0.00000002400100207467
32,315,4,-0.00000086586385350529,1.00000000000000000000,-0.00000002386107667007
32,316,4,-0.00000085650162873208,1.00000000000000000000,-0.00000002388805064868
32,317,4,-0.00000084746881157116,1.00000000000000000000,-0.00000002345118588210
32,318,4,-0.00000083853871046813,1.00000000000000000000,-0.00000002298155088454
32,319,4,-0.00000082963350678256,1.00000000000000000000,-0.00000002294599710240
32,320,4,-0.00000082083164443247,1.00000000000000000000,-0.00000002271734445003
32,321,4,-0.00000081229126180915,1.00000000000000000000,-0.00000002258355280560
32,322,4,-0.00000080358779541712,1.00000000000000000000,-0.00000002220658679164
32,323,4,-0.00000079499432104058,1.00000000000000000000,-0.00000002210868288444
32,324,4,-0.00000078652755064468,1.00000000000000000000,-0.00000002234133056334
32,325,4,-0.00000077821226796004,1.00000000000000000000,-0.00000002206486371392
32,326,4,-0.00000076998668419037,1.00000000000000000000,-0.00000002178967584143
32,327,4,-0.00000076172227636562,1.00000000000000000000,-0.00000002168779822398
32,328,4,-0.00000075368848229118,1.00000000000000000000,-0.00000002145638156037
32,329,4,-0.00000074572676567186,1.00000000000000000000,-0.00000002137965537941
32,330,4,-0.00000073774401698756,1.00000000000000000000,-0.00000002133896082057
32,331,4,-0.00000072985557153515,1.00000000000000000000,-0.00000002127481479874
32,332,4,-0.00000072202328738058,1.00000000000000000000,-0.00000002111843500074
32,333,4,-0.00000071429161607739,1.00000000000000000000,-0.00000002075817917557
32,334,4,-0.00000070663190854248,1.00000000000000000000,-0.00000002058488313139
32,335,4,-0.00000069899766685921,1.00000000000000000000,-0.00000002073771909750
32,336,4,-0.00000069157727011770,1.00000000000000000000,-0.00000002052090053439
32,337,4,-0.00000068409656250878,1.00000000000000000000,-0.00000002035405621825
32,338,4,-0.00000067665610004042,1.00000000000000000000,-0.00000001992593468003
32,339,4,-0.00000066932068421011,1.00000000000000000000,-0.00000001995562115553
32,340,4,-0.00000066213249283464,1.00000000000000000000,-0.00000002030481205395
32,341,4,-0.00000065500080381753,1.00000000000000000000,-0.00000002006044041991
32,342,4,-0.00000064790691567396,1.00000000000000000000,-0.00000001982803077283
32,343,4,-0.00000064090551177287,1.00000000000000000000,-0.00000001974580143838
32,344,4,-0.00000063413386897082,1.00000000000000000000,-0.00000001947621441900
32,345,4,-0.00000062722011762162,1.00000000000000000000,-0.00000001957023343380
32,346,4,-0.00000062048644622337,1.00000000000000000000,-0.00000001965788598568
32,347,4,-0.00000061390630889946,1.00000000000000000000,-0.00000001960086315478
32,348,4,-0.00000060719520433850,1.00000000000000000000,-0.00000001966577656276
32,349,4,-0.00000060064866147513,1.00000000000000000000,-0.00000001938307470084
32,350,4,-0.00000059421950027172,1.00000000000000000000,-0.00000001913201508330
32,351,4,-0.00000058771189515028,1.00000000000000000000,-0.00000001906117930162
32,352,4,-0.00000058142234138359,1.00000000000000000000,-0.00000001898097323760
32,353,4,-0.00000057517536333762,1.00000000000000000000,-0.00000001861464049568
32,354,4,-0.00000056900603340182,1.00000000000000000000,-0.00000001824427897645
32,355,4,-0.00000056286000926775,1.00000000000000000000,-0.00000001823713269289
32,356,4,-0.00000055682676247670,1.00000000000000000000,-0.00000001843771180177
32,357,4,-0.00000055099667406466,1.00000000000000000000,-0.00000001825131690225
32,358,4,-0.00000054501640533999,1.00000000000000000000,-0.00000001808718508300
32,359,4,-0.00000053915101716484,1.00000000000000000000,-0.00000001803141991275
32,360,4,-0.00000053355148565970,1.00000000000000000000,-0.00000001783126890587
32,361,4,-0.00000052793717486566,1.00000000000000000000,-0.00000001774762559137
32,362,4,-0.00000052235316161386,1.00000000000000000000,-0.00000001763175738745
32,363,4,-0.00000051693638170036,1.00000000000000000000,-0.00000001777343605625
32,364,4,-0.00000051163851821912,1.00000000000000000000,-0.00000001761932644229
32,365,4,-0.00000050633946102607,1.00000000000000000000,-0.00000001745320510338
32,366,4,-0.00000050111219707105,1.00000000000000000000,-0.00000001727518572636
32,367,4,-0.00000049591545803196,1.00000000000000000000,-0.00000001746784228374
32,368,4,-0.00000049081569386544,1.00000000000000000000,-0.00000001763111967534
32,369,4,-0.00000048579545364191,1.00000000000000000000,-0.00000001762209755896
32,370,4,-0.00000048066908675537,1.00000000000000000000,-0.00000001721505249463
32,371,4,-0.00000047565714567099,1.00000000000000000000,-0.00000001727072707070
32,372,4,-0.00000047063971919670,1.00000000000000000000,-0.00000001747339695157
32,373,4,-0.00000046582457002842,1.00000000000000000000,-0.00000001745155309152
32,374,4,-0.00000046091690819594,1.00000000000000000000,-0.00000001713443786855
32,375,4,-0.00000045608817345055,1.00000000000000000000,-0.00000001706188079709
32,376,4,-0.00000045134470383346,1.00000000000000000000,-0.00000001687590156507
32,377,4,-0.00000044663494236374,1.00000000000000000000,-0.00000001697631901720
32,378,4,-0.00000044199117610333,1.00000000000000000000,-0.00000001686445116889
32,379,4,-0.00000043733118104683,1.00000000000000000000,-0.00000001689327433496
32,380,4,-0.00000043286436834933,1.00000000000000000000,-0.00000001676659699967
32,381,4,-0.00000042832300550799,1.00000000000000000000,-0.00000001665674886908
32,382,4,-0.00000042394941601742,1.00000000000000000000,-0.00000001655314463278
32,383,4,-0.00000041918693227672,1.00000000000000000000,-0.00000001645070746292
32,384,4,-0.00000041493169078421,1.00000000000000000000,-0.00000001617769562756
32,385,4,-0.00000041044887666430,1.00000000000000000000,-0.00000001600161603221
32,386,4,-0.00000040617649688102,1.00000000000000000000,-0.00000001578832709015
32,387,4,-0.00000040155430269806,1.00000000000000000000,-0.00000001603563326569
32,388,4,-0.00000039725065903440,1.00000000000000000000,-0.00000001619616973869
32,389,4,-0.00000039300124399233,1.00000000000000000000,-0.00000001595401855070
32,390,4,-0.00000038870436469551,1.00000000000000000000,-0.00000001580589703565
32,391,4,-0.00000038441194760708,1.00000000000000000000,-0.00000001592923837279
32,392,4,-0.00000038011506831026,1.00000000000000000000,-0.00000001592083087587
32,393,4,-0.00000037602086422339,1.00000000000000000000,-0.00000001579469177670
32,394,4,-0.00000037178514844527,1.00000000000000000000,-0.00000001567005369907
32,395,4,-0.00000036750176946043,1.00000000000000000000,-0.00000001587781106593
32,396,4,-0.00000036347501009004,1.00000000000000000000,-0.00000001579192954182
32,397,4,-0.00000035945006970906,1.00000000000000000000,-0.00000001553326001158
32,398,4,-0.00000035532221431822,1.00000000000000000000,-0.00000001552552220119
32,399,4,-0.00000035132609355060,1.00000000000000000000,-0.00000001563788920578
32,400,4,-0.00000034740227761176,1.00000000000000000000,-0.00000001554829509587
32,401,4,-0.00000034345694643889,1.00000000000000000000,-0.00000001559440221399
32,402,4,-0.00000033959645406867,1.00000000000000000000,-0.00000001533287097288
32,403,4,-0.00000033573488167349,1.00000000000000000000,-0.00000001540115768250
32,404,4,-0.00000033192762316503,1.00000000000000000000,-0.00000001565637752776
32,405,4,-0.00000032824351592353,1.00000000000000000000,-0.00000001538279192914
32,406,4,-0.00000032451259812660,1.00000000000000000000,-0.00000001547193306806
32,407,4,-0.00000032081626955005,1.00000000000000000000,-0.00000001528791138128
32,408,4,-0.00000031724005111755,1.00000000000000000000,-0.00000001483967793092
32,409,4,-0.00000031361219043902,1.00000000000000000000,-0.00000001509488889440
32,410,4,-0.00000030997384214970,1.00000000000000000000,-0.00000001521289227924
32,411,4,-0.00000030623786528849,1.00000000000000000000,-0.00000001525270754144
32,412,4,-0.00000030265559303189,1.00000000000000000000,-0.00000001527485515851
32,413,4,-0.00000029907170073784,1.00000000000000000000,-0.00000001496114521160
32,414,4,-0.00000029552703040281,1.00000000000000000000,-0.00000001492748147314
32,415,4,-0.00000029193972750363,1.00000000000000000000,-0.00000001513374137119
32,416,4,-0.00000028845866495431,1.00000000000000000000,-0.00000001494129797663
32,417,4,-0.00000028486053338383,1.00000000000000000000,-0.00000001490319867514
32,418,4,-0.00000028144941666142,1.00000000000000000000,-0.00000001473920363537
32,419,4,-0.00000027791702450486,1.00000000000000000000,-0.00000001479946831751
32,420,4,-0.00000027447268280412,1.00000000000000000000,-0.00000001490117895742
32,421,4,-0.00000027114612066725,1.00000000000000000000,-0.00000001471434352140
32,422,4,-0.00000026768483962769,1.00000000000000000000,-0.00000001467894694684
32,423,4,-0.00000026434034339218,1.00000000000000000000,-0.00000001465814758461
32,424,4,-0.00000026109864847967,1.00000000000000000000,-0.00000001445307074022
32,425,4,-0.00000025772627054721,1.00000000000000000000,-0.00000001450885722676
32,426,4,-0.00000025442994910918,1.00000000000000000000,-0.00000001468084498413
32,427,4,-0.00000025116497681665,1.00000000000000000000,-0.00000001481786426893
32,428,4,-0.00000024787337338239,1.00000000000000000000,-0.00000001476844246895
32,429,4,-0.00000024476955218233,1.00000000000000000000,-0.00000001463758181330
32,430,4,-0.00000024164185674636,1.00000000000000000000,-0.00000001466907928460
32,431,4,-0.00000023852450681261,1.00000000000000000000,-0.00000001485732514794
32,432,4,-0.00000023534967397154,1.00000000000000000000,-0.00000001504364277594
32,433,4,-0.00000023220862033213,1.00000000000000000000,-0.00000001508965041808
32,434,4,-0.00000022907757113444,1.00000000000000000000,-0.00000001479953670724
32,435,4,-0.00000022588291415104,1.00000000000000000000,-0.00000001493732781910
32,436,4,-0.00000022287377987595,1.00000000000000000000,-0.00000001511109104513
32,437,4,-0.00000021980244468978,1.00000000000000000000,-0.00000001497127044559
32,438,4,-0.00000021677109884877,1.00000000000000000000,-0.00000001483480982500
32,439,4,-0.00000021371332081799,1.00000000000000000000,-0.00000001479201028332
32,440,4,-0.00000021078716372358,1.00000000000000000000,-0.00000001448055098052
32,441,4,-0.00000020783129173196,1.00000000000000000000,-0.00000001460128551400
32,442,4,-0.00000020484421270339,1.00000000000000000000,-0.00000001475441369081
32,443,4,-0.00000020184634763609,1.00000000000000000000,-0.00000001472927557700
32,444,4,-0.00000019890192959338,1.00000000000000000000,-0.00000001482187172996
32,445,4,-0.00000019618573787739,1.00000000000000000000,-0.00000001456457265903
32,446,4,-0.00000019316269117553,1.00000000000000000000,-0.00000001452794329282
32,447,4,-0.00000019032181342027,1.00000000000000000000,-0.00000001466771237801
32,448,4,-0.00000018754245445507,1.00000000000000000000,-0.00000001463391541279
32,449,4,-0.00000018465986784122,1.00000000000000000000,-0.00000001458284693001
32,450,4,-0.00000018204634955055,1.00000000000000000000,-0.00000001438364893858
32,451,4,-0.00000017920899608725,1.00000000000000000000,-0.00000001450438258388
32,452,4,-0.00000017634221194385,1.00000000000000000000,-0.00000001473826394260
32,453,4,-0.00000017368726901168,1.00000000000000000000,-0.00000001459377152457
32,454,4,-0.00000017088157733269,1.00000000000000000000,-0.00000001447876307736
32,455,4,-0.00000016809730141176,1.00000000000000000000,-0.00000001444270480988
32,456,4,-0.00000016545720882277,1.00000000000000000000,-0.00000001430560114812
32,457,4,-0.00000016265533986370,1.00000000000000000000,-0.00000001446404684913
32,458,4,-0.00000015989847668152,1.00000000000000000000,-0.00000001453634723703
32,459,4,-0.00000015708172895756,1.00000000000000000000,-0.00000001447387099063
32,460,4,-0.00000015433801081599,1.00000000000000000000,-0.00000001457192411181
32,461,4,-0.00000015161678845743,1.00000000000000000000,-0.00000001457292420071
32,462,4,-0.00000014879334742091,1.00000000000000000000,-0.00000001470378130364
32,463,4,-0.00000014596882635942,1.00000000000000000000,-0.00000001482601508229
32,464,4,-0.00000014320082186714,1.00000000000000000000,-0.00000001464462950906
32,465,4,-0.00000014046291596514,1.00000000000000000000,-0.00000001458164344825
32,466,4,-0.00000013766785400549,1.00000000000000000000,-0.00000001454774434251
32,467,4,-0.00000013489970740466,1.00000000000000000000,-0.00000001455643960924
32,468,4,-0.00000013212996918810,1.00000000000000000000,-0.00000001500777813135
32,469,4,-0.00000012945039884471,1.00000000000000000000,-0.00000001487370671072
32,470,4,-0.00000012673447713496,1.00000000000000000000,-0.00000001480977029900
32,471,4,-0.00000012399280535647,1.00000000000000000000,-0.00000001491350332117
32,472,4,-0.00000012129802939853,1.00000000000000000000,-0.00000001486227318992
32,473,4,-0.00000011862088200587,1.00000000000000000000,-0.00000001503336832798
32,474,4,-0.00000011595042082035,1.00000000000000000000,-0.00000001521124026738
32,475,4,-0.00000011331270854953,1.00000000000000000000,-0.00000001501626556433
32,476,4,-0.00000011057687743232,1.00000000000000000000,-0.00000001518830572422
32,477,4,-0.00000010787653081934,1.00000000000000000000,-0.00000001512302283402
32,478,4,-0.00000010532061622825,1.00000000000000000000,-0.00000001504020374909
32,479,4,-0.00000010262688476814,1.00000000000000000000,-0.00000001483293043947
32,480,4,-0.00000010002190009573,1.00000000000000000000,-0.00000001472743971220
32,481,4,-0.00000009743718720756,1.00000000000000000000,-0.00000001451116204976
32,482,4,-0.00000009485059138115,1.00000000000000000000,-0.00000001440175800838
32,483,4,-0.00000009232532249825,1.00000000000000000000,-0.00000001431015661524
32,484,4,-0.00000008989859878739,1.00000000000000000000,-0.00000001453170384025
32,485,4,-0.00000008746918211955,1.00000000000000000000,-0.00000001444745389989
32,486,4,-0.00000008506966509003,1.00000000000000000000,-0.00000001453119580219
32,487,4,-0.00000008250886196493,1.00000000000000000000,-0.00000001437485863676
32,488,4,-0.00000008032029796823,1.00000000000000000000,-0.00000001439293928485
32,489,4,-0.00000007791520317824,1.00000000000000000000,-0.00000001453156883713
32,490,4,-0.00000007554157122058,1.00000000000000000000,-0.00000001450842646022
32,491,4,-0.00000007319366801539,1.00000000000000000000,-0.00000001449260089714
32,492,4,-0.00000007092246789853,1.00000000000000000000,-0.00000001478621136641
32,493,4,-0.00000006861904466859,1.00000000000000000000,-0.00000001447743347427
32,494,4,-0.00000006640210159503,1.00000000000000000000,-0.00000001466702670427
32,495,4,-0.00000006416212983140,1.00000000000000000000,-0.00000001491043377655
32,496,4,-0.00000006172379585223,1.00000000000000000000,-0.00000001504915125849
32,497,4,-0.00000005954247583873,1.00000000000000000000,-0.00000001532022686490
32,498,4,-0.00000005721946294557,1.00000000000000000000,-0.00000001542654359810
32,499,4,-0.00000005492207932889,1.00000000000000000000,-0.00000001516925074441
32,500,4,-0.00000005258470281433,1.00000000000000000000,-0.00000001567813967540
32,501,4,-0.00000005018051396632,1.00000000000000000000,-0.00000001593870457839
32,502,4,-0.00000004791448304786,1.00000000000000000000,-0.00000001566825602595
32,503,4,-0.00000004561811195458,1.00000000000000000000,-0.00000001535826399390
32,504,4,-0.00000004307744561061,1.00000000000000000000,-0.00000001541079086564
32,505,4,-0.00000004075785753344,1.00000000000000000000,-0.00000001567437912797
32,506,4,-0.00000003835955197928,1.00000000000000000000,-0.00000001593057064042
32,507,4,-0.00000003598242059866,1.00000000000000000000,-0.00000001590531617524
32,508,4,-0.00000003340932863694,1.00000000000000000000,-0.00000001569897101206
32,509,4,-0.00000003094249834135,1.00000000000000000000,-0.00000001565103602275
32,510,4,-0.00000002838388546422,1.00000000000000000000,-0.00000001583606490385
32,511,4,-0.00000002588905800849,1.00000000000000000000,-0.00000001608994182334
32,512,4,-0.00000002350779659821,1.00000000000000000000,-0.00000001575859798209
32,513,4,-0.00000002074562388543,1.00000000000000000000,-0.00000001570582597310
32,514,4,-0.00000001806462002207,1.00000000000000000000,-0.00000001560024109892
32,515,4,-0.00000001548843009402,1.00000000000000000000,-0.00000001575085661898
32,516,4,-0.00000001290940154774,1.00000000000000000000,-0.00000001598475662945
32,517,4,-0.00000001050230391542,1.00000000000000000000,-0.00000001583154052298
32,518,4,-0.00000000778993669570,1.00000000000000000000,-0.00000001593820897483
32,519,4,-0.00000000514639175719,1.00000000000000000000,-0.00000001600213295205
32,520,4,-0.00000000259680299486,1.00000000000000000000,-0.00000001591202014595
32,521,4,0.00000000002063150692,1.00000000000000000000,-0.00000001597553556110
32,522,4,0.00000000281898282495,1.00000000000000000000,-0.00000001627875967358
32,523,4,0.00000000535869215668,1.00000000000000000000,-0.00000001651471492892
32,524,4,0.00000000806807776144,1.00000000000000000000,-0.00000001657402570743
32,525,4,0.00000001065872545780,1.00000000000000000000,-0.00000001634479041002
32,526,4,0.00000001336658161932,1.00000000000000000000,-0.00000001661723025848
32,527,4,0.00000001587348918974,1.00000000000000000000,-0.00000001668825078127
32,528,4,0.00000001855197062639,1.00000000000000000000,-0.00000001648724534675
32,529,4,0.00000002113118924285,1.00000000000000000000,-0.00000001645116221027
32,530,4,0.00000002384705055647,1.00000000000000000000,-0.00000001654970205323
32,531,4,0.00000002648100583258,1.00000000000000000000,-0.00000001663373971894
32,532,4,0.00000002919084707287,1.00000000000000000000,-0.00000001693884676968
32,533,4,0.00000003174617901891,1.00000000000000000000,-0.00000001684692030324
32,534,4,0.00000003437792273076,1.00000000000000000000,-0.00000001707212504698
32,535,4,0.00000003693660133308,1.00000000000000000000,-0.00000001697683948976
32,536,4,0.00000003949688576199,1.00000000000000000000,-0.00000001677160099689
32,537,4,0.00000004213045201595,1.00000000000000000000,-0.00000001710134611699
32,538,4,0.00000004461985625426,1.00000000000000000000,-0.00000001759002010715
32,539,4,0.00000004723042579258,1.00000000000000000000,-0.00000001780387393069
32,540,4,0.00000004999573022246,1.00000000000000000000,-0.00000001794871273830
32,541,4,0.00000005260873336965,1.00000000000000000000,-0.00000001766709978313
32,542,4,0.00000005523629909021,1.00000000000000000000,-0.00000001780498948278
32,543,4,0.00000005773513223062,1.00000000000000000000,-0.00000001788276549064
32,544,4,0.00000006047921630170,1.00000000000000000000,-0.00000001776898272965
32,545,4,0.00000006311453404351,1.00000000000000000000,-0.00000001764317048014
32,546,4,0.00000006571421806711,1.00000000000000000000,-0.00000001772139768264
32,547,4,0.00000006825419518464,1.00000000000000000000,-0.00000001806509608571
32,548,4,0.00000007094678267094,1.00000000000000000000,-0.00000001819431716399
32,549,4,0.00000007353690278933,1.00000000000000000000,-0.00000001798029636291
32,550,4,0.00000007613969188469,1.00000000000000000000,-0.00000001818952100052
32,551,4,0.00000007879723540327,1.00000000000000000000,-0.00000001826386508696
32,552,4,0.00000008137743634506,1.00000000000000000000,-0.00000001817794625936
32,553,4,0.00000008402255247120,1.00000000000000000000,-0.00000001843400454504
32,554,4,0.00000008669272233419,1.00000000000000000000,-0.00000001864991538980
32,555,4,0.00000008939498741256,1.00000000000000000000,-0.00000001866617616031
32,556,4,0.00000009205814421875,1.00000000000000000000,-0.00000001874404453872
32,557,4,0.00000009472863382598,1.00000000000000000000,-0.00000001875343791369
32,558,4,0.00000009741999917878,1.00000000000000000000,-0.00000001908987812271
32,559,4,0.00000010012126239189,1.00000000000000000000,-0.00000001922376213770
32,560,4,0.00000010282838047715,1.00000000000000000000,-0.00000001931465831717
32,561,4,0.00000010541672423869,1.00000000000000000000,-0.00000001949638139820
32,562,4,0.00000010812437523100,1.00000000000000000000,-0.00000001948207284386
32,563,4,0.00000011080585693435,1.00000000000000000000,-0.00000001955843664803
32,564,4,0.00000011353307627360,1.00000000000000000000,-0.00000001987627129552
32,565,4,0.00000011620088002928,1.00000000000000000000,-0.00000001995782739073
32,566,4,0.00000011882705308608,1.00000000000000000000,-0.00000001999505983008
32,567,4,0.00000012143827632372,1.00000000000000000000,-0.00000002005379151626
32,568,4,0.00000012425527984306,1.00000000000000000000,-0.00000001985533870652
32,569,4,0.00000012695343798441,1.00000000000000000000,-0.00000002023837630816
32,570,4,0.00000012962954087925,1.00000000000000000000,-0.00000002038569313356
32,571,4,0.00000013244499541543,1.00000000000000000000,-0.00000002051687708615
32,572,4,0.00000013529306386317,1.00000000000000000000,-0.00000002081623762251
32,573,4,0.00000013790469211017,1.00000000000000000000,-0.00000002062132509195
32,574,4,0.00000014069134124384,1.00000000000000000000,-0.00000002076083660540
32,575,4,0.00000014352886523739,1.00000000000000000000,-0.00000002093335460529
32,576,4,0.00000014626843380938,1.00000000000000000000,-0.00000002074130556196
32,577,4,0.00000014911327639311,1.00000000000000000000,-0.00000002086503769760
32,578,4,0.00000015180967238848,1.00000000000000000000,-0.00000002088112971421
32,579,4,0.00000015466777369966,1.00000000000000000000,-0.00000002106074958874
32,580,4,0.00000015766323713251,1.00000000000000000000,-0.00000002134783194663
32,581,4,0.00000016057099117006,1.00000000000000000000,-0.00000002127258547091
32,582,4,0.00000016346946551948,1.00000000000000000000,-0.00000002140342481027
32,583,4,0.00000016635621591377,1.00000000000000000000,-0.00000002167249313345
32,584,4,0.00000016922763279581,1.00000000000000000000,-0.00000002162059331567
32,585,4,0.00000017224503778834,1.00000000000000000000,-0.00000002197232973344
32,586,4,0.00000017517533024147,1.00000000000000000000,-0.00000002211109872974
32,587,4,0.00000017810818064845,1.00000000000000000000,-0.00000002216754957374
32,588,4,0.00000018115393629614,1.00000000000000000000,-0.00000002235646689996
32,589,4,0.00000018421957292958,1.00000000000000000000,-0.00000002239736396348
32,590,4,0.00000018726510120359,1.00000000000000000000,-0.00000002261736042897
32,591,4,0.00000019047263322136,1.00000000000000000000,-0.00000002268030563357
32,592,4,0.00000019361915803984,1.00000000000000000000,-0.00000002250011021943
32,593,4,0.00000019681074547861,1.00000000000000000000,-0.00000002257501563463
32,594,4,0.00000020001731115826,1.00000000000000000000,-0.00000002259517728476
32,595,4,0.00000020325376226538,1.00000000000000000000,-0.00000002277779032056
32,596,4,0.00000020658758614900,1.00000000000000000000,-0.00000002326693504529
32,597,4,0.00000020989813265260,1.00000000000000000000,-0.00000002343637817148
32,598,4,0.00000021317558207556,1.00000000000000000000,-0.00000002353815808931
32,599,4,0.00000021648081371950,1.00000000000000000000,-0.00000002353183603532
32,600,4,0.00000021987531795276,1.00000000000000000000,-0.00000002351228545194
32,601,4,0.00000022322949178033,1.00000000000000000000,-0.00000002388438424816
32,602,4,0.00000022651903464066,1.00000000000000000000,-0.00000002417177746850
32,603,4,0.00000022993499726454,1.00000000000000000000,-0.00000002431698753469
32,604,4,0.00000023340587063103,1.00000000000000000000,-0.00000002461557002675
32,605,4,0.00000023692508932527,1.00000000000000000000,-0.00000002458105541336
32,606,4,0.00000024021596800594,1.00000000000000000000,-0.00000002462302894912
32,607,4,0.00000024374963913942,1.00000000000000000000,-0.00000002473468363462
32,608,4,0.00000024721086333557,1.00000000000000000000,-0.00000002465465165358
32,609,4,0.00000025069380171772,1.00000000000000000000,-0.00000002465949044961
32,610,4,0.00000025416773041798,1.00000000000000000000,-0.00000002483235661543
32,611,4,0.00000025768525802050,1.00000000000000000000,-0.00000002514601327164
32,612,4,0.00000026121043106286,1.00000000000000000000,-0.00000002547801081221
32,613,4,0.00000026472324066162,1.00000000000000000000,-0.00000002556752143335
32,614,4,0.00000026832350386030,1.00000000000000000000,-0.00000002574568647162
32,615,4,0.00000027181448558622,1.00000000000000000000,-0.00000002597217907407
32,616,4,0.00000027532186663848,1.00000000000000000000,-0.00000002596485337847
32,617,4,0.00000027899346832783,1.00000000000000000000,-0.00000002629389328490
32,618,4,0.00000028256570772101,1.00000000000000000000,-0.00000002639428942075
32,619,4,0.00000028619015779441,1.00000000000000000000,-0.00000002649575847613
32,620,4,0.00000028984189270886,1.00000000000000000000,-0.00000002673310639523
32,621,4,0.00000029356783670664,1.00000000000000000000,-0.00000002673340837589
32,622,4,0.00000029726294314969,1.00000000000000000000,-0.00000002704443247126
32,623,4,0.00000030083862156971,1.00000000000000000000,-0.00000002742832805325
32,624,4,0.00000030460569178103,1.00000000000000000000,-0.00000002749560756854
32,625,4,0.00000030833089681437,1.00000000000000000000,-0.00000002771475315910
32,626,4,0.00000031212974249684,1.00000000000000000000,-0.00000002796844889019
32,627,4,0.00000031602991157342,1.00000000000000000000,-0.00000002831717971219
32,628,4,0.00000031970827762962,1.00000000000000000000,-0.00000002875807680880
32,629,4,0.00000032357402801608,1.00000000000000000000,-0.00000002900446460785
32,630,4,0.00000032743349720477,1.00000000000000000000,-0.00000002922110020620
32,631,4,0.00000033124038623100,1.00000000000000000000,-0.00000002926092790290
32,632,4,0.00000033498506013530,1.00000000000000000000,-0.00000002925032482892
32,633,4,0.00000033906542284967,1.00000000000000000000,-0.00000002965099277219
32,634,4,0.00000034298005857636,1.00000000000000000000,-0.00000002992180725414
32,635,4,0.00000034703614915088,1.00000000000000000000,-0.00000003026809380913
32,636,4,0.00000035113205854032,1.00000000000000000000,-0.00000003043345486731
32,637,4,0.00000035521765084923,1.00000000000000000000,-0.00000003049024499546
32,638,4,0.00000035924435337620,1.00000000000000000000,-0.00000003081065713673
32,639,4,0.00000036351468679641,1.00000000000000000000,-0.00000003101128243088
32,640,4,0.00000036751350762643,1.00000000000000000000,-0.00000003073402154996
32,641,4,0.00000037176317846388,1.00000000000000000000,-0.00000003094835676620
32,642,4,0.00000037599122038046,1.00000000000000000000,-0.00000003113645874464
32,643,4,0.00000038037015315240,1.00000000000000000000,-0.00000003163735229350
32,644,4,0.00000038468968455163,1.00000000000000000000,-0.00000003204108622867
32,645,4,0.00000038909220734240,1.00000000000000000000,-0.00000003211692245486
32,646,4,0.00000039349384906018,1.00000000000000000000,-0.00000003227038902764
32,647,4,0.00000039785109606782,1.00000000000000000000,-0.00000003276397464447
32,648,4,0.00000040236267295768,1.00000000000000000000,-0.00000003293946093663
32,649,4,0.00000040678187929188,1.00000000000000000000,-0.00000003324494457502
32,650,4,0.00000041131971784125,1.00000000000000000000,-0.00000003350302435479
32,651,4,0.00000041586278598515,1.00000000000000000000,-0.00000003391215130932
32,652,4,0.00000042054503524014,1.00000000000000000000,-0.00000003422993444246
32,653,4,0.00000042532690258668,1.00000000000000000000,-0.00000003422114502882
32,654,4,0.00000042996788351957,1.00000000000000000000,-0.00000003455437180833
32,655,4,0.00000043484243406056,1.00000000000000000000,-0.00000003490011479812
32,656,4,0.00000043956410422652,1.00000000000000000000,-0.00000003484892374672
32,657,4,0.00000044437192059377,1.00000000000000000000,-0.00000003495441802670
32,658,4,0.00000044923831410415,1.00000000000000000000,-0.00000003527842551421
32,659,4,0.00000045408381765810,1.00000000000000000000,-0.00000003586362140595
32,660,4,0.00000045910570634078,1.00000000000000000000,-0.00000003630006872868
32,661,4,0.00000046412702658927,1.00000000000000000000,-0.00000003613231314148
32,662,4,0.00000046916360929572,1.00000000000000000000,-0.00000003643251744734
32,663,4,0.00000047414758341802,1.00000000000000000000,-0.00000003669719461641
32,664,4,0.00000047919280632414,1.00000000000000000000,-0.00000003644889190468
32,665,4,0.00000048435560984217,1.00000000000000000000,-0.00000003696196415603
32,666,4,0.00000048949823394651,1.00000000000000000000,-0.00000003745673282651
32,667,4,0.00000049472140517537,1.00000000000000000000,-0.00000003800585446356
32,668,4,0.00000050009487040370,1.00000000000000000000,-0.00000003848770191439
32,669,4,0.00000050555797770357,1.00000000000000000000,-0.00000003834708905970
32,670,4,0.00000051109930154780,1.00000000000000000000,-0.00000003872315446074
32,671,4,0.00000051657855237863,1.00000000000000000000,-0.00000003918400182101
32,672,4,0.00000052223805369067,1.00000000000000000000,-0.00000003933018533075
32,673,4,0.00000052777073733523,1.00000000000000000000,-0.00000003952767002602
32,674,4,0.00000053353738849182,1.00000000000000000000,-0.00000003984549934444
32,675,4,0.00000053930955346004,1.00000000000000000000,-0.00000004031805644900
32,676,4,0.00000054519068726222,1.00000000000000000000,-0.00000004084106919322
32,677,4,0.00000055100224471971,1.00000000000000000000,-0.00000004090165361958
32,678,4,0.00000055692368050586,1.00000000000000000000,-0.00000004119609542386
32,679,4,0.00000056280288163180,1.00000000000000000000,-0.00000004170389900082
32,680,4,0.00000056874534948292,1.00000000000000000000,-0.00000004189161728618
32,681,4,0.00000057489717164572,1.00000000000000000000,-0.00000004229758232555
32,682,4,0.00000058104262734560,1.00000000000000000000,-0.00000004281684695684
32,683,4,0.00000058719689377540,1.00000000000000000000,-0.00000004336057202181
32,684,4,0.00000059356051451687,1.00000000000000000000,-0.00000004382048146567
32,685,4,0.00000059989719147779,1.00000000000000000000,-0.00000004385682927932
32,686,4,0.00000060628980236288,1.00000000000000000000,-0.00000004430875222283
32,687,4,0.00000061272442053451,1.00000000000000000000,-0.00000004485921678565
32,688,4,0.00000061927784145155,1.00000000000000000000,-0.00000004527333175020
32,689,4,0.00000062584524584963,1.00000000000000000000,-0.00000004565823630287
32,690,4,0.00000063239474457077,1.00000000000000000000,-0.00000004590107849367
32,691,4,0.00000063902621150191,1.00000000000000000000,-0.00000004660017083324
32,692,4,0.00000064576420300000,1.00000000000000000000,-0.00000004715387902365
32,693,4,0.00000065254749870292,1.00000000000000000000,-0.00000004740314452079
32,694,4,0.00000065942242599704,1.00000000000000000000,-0.00000004776401141271
32,695,4,0.00000066615450577956,1.00000000000000000000,-0.00000004821853494263
32,696,4,0.00000067321201413506,1.00000000000000000000,-0.00000004836518030515
32,697,4,0.00000068032477429369,1.00000000000000000000,-0.00000004886591398190
32,698,4,0.00000068754428639295,1.00000000000000000000,-0.00000004938402398125
32,699,4,0.00000069477323449973,1.00000000000000000000,-0.00000004995570535016
32,700,4,0.00000070227099513431,1.00000000000000000000,-0.00000005046762652228
32,701,4,0.00000070979837119012,1.00000000000000000000,-0.00000005063139951744
32,702,4,0.00000071729732553649,1.00000000000000000000,-0.00000005109887979415
32,703,4,0.00000072496021630286,1.00000000000000000000,-0.00000005172408634735
32,704,4,0.00000073274486567243,1.00000000000000000000,-0.00000005200129749028
32,705,4,0.00000074046596409971,1.00000000000000000000,-0.00000005249743395552
32,706,4,0.00000074847383757515,1.00000000000000000000,-0.00000005292158178349
32,707,4,0.00000075661705523089,1.00000000000000000000,-0.00000005356179499927
32,708,4,0.00000076481433097797,1.00000000000000000000,-0.00000005427798299706
32,709,4,0.00000077304383694354,1.00000000000000000000,-0.00000005463290264629
32,710,4,0.00000078151316529329,1.00000000000000000000,-0.00000005511977363426
32,711,4,0.00000078985311802171,1.00000000000000000000,-0.00000005578284500984
32,712,4,0.00000079840867783787,1.00000000000000000000,-0.00000005614581866098
32,713,4,0.00000080705905247669,1.00000000000000000000,-0.00000005679742898224
32,714,4,0.00000081579548805166,1.00000000000000000000,-0.00000005762077748273
32,715,4,0.00000082467414586063,1.00000000000000000000,-0.00000005808651337702
32,716,4,0.00000083365307546046,1.00000000000000000000,-0.00000005876128028603
32,717,4,0.00000084282396528579,1.00000000000000000000,-0.00000005919507017893
32,718,4,0.00000085205391542331,1.00000000000000000000,-0.00000005987077145164
32,719,4,0.00000086139414179343,1.00000000000000000000,-0.00000006045040379377
32,720,4,0.00000087086237954281,1.00000000000000000000,-0.00000006072078662100
32,721,4,0.00000088055980995705,1.00000000000000000000,-0.00000006133991803381
32,722,4,0.00000089028310412687,1.00000000000000000000,-0.00000006207875458131
32,723,4,0.00000090018238552148,1.00000000000000000000,-0.00000006279630326844
32,724,4,0.00000091019677483928,1.00000000000000000000,-0.00000006372304284241
32,725,4,0.00000092030768428231,1.00000000000000000000,-0.00000006425030107948
32,726,4,0.00000093061066763767,1.00000000000000000000,-0.00000006486449422027
32,727,4,0.00000094089460844771,1.00000000000000000000,-0.00000006572813049388
32,728,4,0.00000095153274060067,1.00000000000000000000,-0.00000006624561876833
32,729,4,0.00000096218911949109,1.00000000000000000000,-0.00000006715641376331
32,730,4,0.00000097304723567504,1.00000000000000000000,-0.00000006817908371204
32,731,4,0.00000098389023150958,1.00000000000000000000,-0.00000006884481962288
32,732,4,0.00000099498049621616,1.00000000000000000000,-0.00000006962370235897
32,733,4,0.00000100624265542137,1.00000000000000000000,-0.00000007004667423871
32,734,4,0.00000101758655546291,1.00000000000000000000,-0.00000007066614671203
32,735,4,0.00000102905528365227,1.00000000000000000000,-0.00000007141564140056
32,736,4,0.00000104064042716345,1.00000000000000000000,-0.00000007201610685570
32,737,4,0.00000105237859315821,1.00000000000000000000,-0.00000007267485813145
32,738,4,0.00000106429490642768,1.00000000000000000000,-0.00000007359068376900
32,739,4,0.00000107625226064556,1.00000000000000000000,-0.00000007447094674262
32,740,4,0.00000108860172076675,1.00000000000000000000,-0.00000007532658941045
32,741,4,0.00000110094185856724,1.00000000000000000000,-0.00000007604928953242
32,742,4,0.00000111350482256967,1.00000000000000000000,-0.00000007679213354095
32,743,4,0.00000112613406599849,1.00000000000000000000,-0.00000007776257149317
32,744,4,0.00000113901000986516,1.00000000000000000000,-0.00000007852731442881
32,745,4,0.00000115209104478708,1.00000000000000000000,-0.00000007959580017314
32,746,4,0.00000116531271032727,1.00000000000000000000,-0.00000008055631184334
32,747,4,0.00000117877868888172,1.00000000000000000000,-0.00000008150190211609
32,748,4,0.00000119248386454274,1.00000000000000000000,-0.00000008252014538357
32,749,4,0.00000120635604616837,1.00000000000000000000,-0.00000008344625967993
32,750,4,0.00000122019173431909,1.00000000000000000000,-0.00000008443286958482
32,751,4,0.00000123439281196625,1.00000000000000000000,-0.00000008562739850504
32,752,4,0.00000124883013086219,1.00000000000000000000,-0.00000008657496408659
32,753,4,0.00000126330144212261,1.00000000000000000000,-0.00000008807290896584
32,754,4,0.00000127807970784488,1.00000000000000000000,-0.00000008894584624386
32,755,4,0.00000129293448480894,1.00000000000000000000,-0.00000009015719371064
32,756,4,0.00000130812225052068,1.00000000000000000000,-0.00000009140082113390
32,757,4,0.00000132358013615885,1.00000000000000000000,-0.00000009254447519425
32,758,4,0.00000133911601096770,1.00000000000000000000,-0.00000009350994645274
32,759,4,0.00000135485208829778,1.00000000000000000000,-0.00000009476885054482
32,760,4,0.00000137103472752642,1.00000000000000000000,-0.00000009574728920825
32,761,4,0.00000138751920530922,1.00000000000000000000,-0.00000009716724491682
32,762,4,0.00000140432427997439,1.00000000000000000000,-0.00000009842323578368
32,763,4,0.00000142083990795072,1.00000000000000000000,-0.00000009959617841560
32,764,4,0.00000143827912779670,1.00000000000000000000,-0.00000010082267465350
32,765,4,0.00000145562296438584,1.00000000000000000000,-0.00000010188473709150
32,766,4,0.00000147324863064568,1.00000000000000000000,-0.00000010337278411043
32,767,4,0.00000149099776081130,1.00000000000000000000,-0.00000010495384827891
32,768,4,0.00000150951689192880,1.00000000000000000000,-0.00000010581743481453
32,769,4,0.00000152804682329588,1.00000000000000000000,-0.00000010724325960609
32,770,4,0.00000154681538333534,1.00000000000000000000,-0.00000010865687727346
32,771,4,0.00000156573560161632,1.00000000000000000000,-0.00000011019130141676
32,772,4,0.00000158532463956362,1.00000000000000000000,-0.00000011161653645786
32,773,4,0.00000160492572831572,1.00000000000000000000,-0.00000011312734216062
32,774,4,0.00000162499304678931,1.00000000000000000000,-0.00000011452318915417
32,775,4,0.00000164519519785244,1.00000000000000000000,-0.00000011635357566320
32,776,4,0.00000166590382377763,1.00000000000000000000,-0.00000011764037566309
32,777,4,0.00000168688018220564,1.00000000000000000000,-0.00000011931699361867
32,778,4,0.00000170817077105312,1.00000000000000000000,-0.00000012111365776946
32,779,4,0.00000172976842804928,1.00000000000000000000,-0.00000012294574958105
32,780,4,0.00000175183072315122,1.00000000000000000000,-0.00000012451693010007
32,781,4,0.00000177414597146708,1.00000000000000000000,-0.00000012611562283382
32,782,4,0.00000179686480805685,1.00000000000000000000,-0.00000012777827862465
32,783,4,0.00000181999268988875,1.00000000000000000000,-0.00000012974231822227
32,784,4,0.00000184356372301409,1.00000000000000000000,-0.00000013137400856067
32,785,4,0.00000186740635399474,1.00000000000000000000,-0.00000013331552395357
32,786,4,0.00000189161869457166,1.00000000000000000000,-0.00000013518324237793
32,787,4,0.00000191628100765229,1.00000000000000000000,-0.00000013751858318756
32,788,4,0.00000194142376130912,1.00000000000000000000,-0.00000013962772982268
32,789,4,0.00000196696692000842,1.00000000000000000000,-0.00000014162039008170
32,790,4,0.00000199287592295150,1.00000000000000000000,-0.00000014370542089637
32,791,4,0.00000201922989617742,1.00000000000000000000,-0.00000014597817710182
32,792,4,0.00000204613434107159,1.00000000000000000000,-0.00000014798577296915
32,793,4,0.00000207347125069646,1.00000000000000000000,-0.00000015041570122776
32,794,4,0.00000210116036214458,1.00000000000000000000,-0.00000015292737032269
32,795,4,0.00000212943677979638,1.00000000000000000000,-0.00000015541689890597
32,796,4,0.00000215810746340139,1.00000000000000000000,-0.00000015800340236183
32,797,4,0.00000218734180634783,1.00000000000000000000,-0.00000016015198411878
32,798,4,0.00000221703726310807,1.00000000000000000000,-0.00000016261633106751
32,799,4,0.00000224721270569717,1.00000000000000000000,-0.00000016545448033867
32,800,4,0.00000227795794671692,1.00000000000000000000,-0.00000016798308877242
32,801,4,0.00000230930641009763,1.00000000000000000000,-0.00000017045069000687
32,802,4,0.00000234102481044829,1.00000000000000000000,-0.00000017334986068818
32,803,4,0.00000237359836319229,1.00000000000000000000,-0.00000017637880489474
32,804,4,0.00000240658278016781,1.00000000000000000000,-0.00000017932060814019
32,805,4,0.00000244030297835707,1.00000000000000000000,-0.00000018203407137207
32,806,4,0.00000247442562795186,1.00000000000000000000,-0.00000018510746713218
32,807,4,0.00000250947255153733,1.00000000000000000000,-0.00000018828981751540
32,808,4,0.00000254496148954786,1.00000000000000000000,-0.00000019147107366280
32,809,4,0.00000258126078733767,1.00000000000000000000,-0.00000019477778323562
32,810,4,0.00000261815284829936,1.00000000000000000000,-0.00000019826639174880
32,811,4,0.00000265575454250211,1.00000000000000000000,-0.00000020166717717984
32,812,4,0.00000269413862952206,1.00000000000000000000,-0.00000020528283073418
32,813,4,0.00000273333398581599,1.00000000000000000000,-0.00000020874662709502
32,814,4,0.00000277305434792652,1.00000000000000000000,-0.00000021254736282117
32,815,4,0.00000281377447208797,1.00000000000000000000,-0.00000021648141057540
32,816,4,0.00000285513260678272,1.00000000000000000000,-0.00000022051152370750
32,817,4,0.00000289735726255458,1.00000000000000000000,-0.00000022450792869222
32,818,4,0.00000294014444079949,1.00000000000000000000,-0.00000022861745208047
32,819,4,0.00000298406257570605,1.00000000000000000000,-0.00000023302298757244
32,820,4,0.00000302861030831991,1.00000000000000000000,-0.00000023740960841678
32,821,4,0.00000307439995594905,1.00000000000000000000,-0.00000024169594325940
32,822,4,0.00000312076576847176,1.00000000000000000000,-0.00000024619492933198
32,823,4,0.00000316828663926572,1.00000000000000000000,-0.00000025082013621613
32,824,4,0.00000321674838232866,1.00000000000000000000,-0.00000025543306492182
32,825,4,0.00000326649683302094,1.00000000000000000000,-0.00000026036929057227
32,826,4,0.00000331681872012268,1.00000000000000000000,-0.00000026549798803899
32,827,4,0.00000336857715410588,1.00000000000000000000,-0.00000027058578666583
32,828,4,0.00000342141606779478,1.00000000000000000000,-0.00000027593111440183
32,829,4,0.00000347570744452241,1.00000000000000000000,-0.00000028101658244850
32,830,4,0.00000353060636371083,1.00000000000000000000,-0.00000028643856353483
32,831,4,0.00000358687452717277,1.00000000000000000000,-0.00000029229101983219
32,832,4,0.00000364432071364718,1.00000000000000000000,-0.00000029807549140060
32,833,4,0.00000370335192201310,1.00000000000000000000,-0.00000030406857831622
32,834,4,0.00000376309480998316,1.00000000000000000000,-0.00000031015437684800
32,835,4,0.00000382469579562894,1.00000000000000000000,-0.00000031648232834414
32,836,4,0.00000388735770684434,1.00000000000000000000,-0.00000032310430242433
32,837,4,0.00000395167080569081,1.00000000000000000000,-0.00000032950555350908
32,838,4,0.00000401691386286984,1.00000000000000000000,-0.00000033619090800130
32,839,4,0.00000408412688557291,1.00000000000000000000,-0.00000034335246823503
32,840,4,0.00000415247859564261,1.00000000000000000000,-0.00000035050112501267
32,841,4,0.00000422284074375057,1.00000000000000000000,-0.00000035793277675111
32,842,4,0.00000429440387961222,1.00000000000000000000,-0.00000036565919003806
32,843,4,0.00000436803384218365,1.00000000000000000000,-0.00000037337127878345
32,844,4,0.00000444303896074416,1.00000000000000000000,-0.00000038139532421155
32,845,4,0.00000452040876552928,1.00000000000000000000,-0.00000038940447666391
32,846,4,0.00000459896637039492,1.00000000000000000000,-0.00000039761630432622
32,847,4,0.00000468005237053148,1.00000000000000000000,-0.00000040614068552713
32,848,4,0.00000476252898806706,1.00000000000000000000,-0.00000041479992773930
32,849,4,0.00000484771317132981,1.00000000000000000000,-0.00000042358479390714
32,850,4,0.00000493426978209754,1.00000000000000000000,-0.00000043275437633383
32,851,4,0.00000502374905408942,1.00000000000000000000,-0.00000044238052510082
32,852,4,0.00000511473490405479,1.00000000000000000000,-0.00000045232104639581
32,853,4,0.00000520879257237539,1.00000000000000000000,-0.00000046216476334848
32,854,4,0.00000530443321622442,1.00000000000000000000,-0.00000047224685317815
32,855,4,0.00000540321025255253,1.00000000000000000000,-0.00000048279503062076
32,856,4,0.00000550387403563946,1.00000000000000000000,-0.00000049339604402121
32,857,4,0.00000560789885639679,1.00000000000000000000,-0.00000050431475528967
32,858,4,0.00000571377586311428,1.00000000000000000000,-0.00000051563421266110
32,859,4,0.00000582309166929917,1.00000000000000000000,-0.00000052723771659657
32,860,4,0.00000593459481024183,1.00000000000000000000,-0.00000053914510544928
32,861,4,0.00000604997876507696,1.00000000000000000000,-0.00000055090879413910
32,862,4,0.00000616747047388344,1.00000000000000000000,-0.00000056291480632353
32,863,4,0.00000628888483333867,1.00000000000000000000,-0.00000057555439525458
32,864,4,0.00000641277210888802,1.00000000000000000000,-0.00000058842488215305
32,865,4,0.00000654090581519995,1.00000000000000000000,-0.00000060133896795378
32,866,4,0.00000667163158141193,1.00000000000000000000,-0.00000061471746448660
32,867,4,0.00000680684661347186,1.00000000000000000000,-0.00000062856395288691
32,868,4,0.00000694503614795394,1.00000000000000000000,-0.00000064270437860614
32,869,4,0.00000708785819369950,1.00000000000000000000,-0.00000065693723172444
32,870,4,0.00000723392668078304,1.00000000000000000000,-0.00000067158782712795
32,871,4,0.00000738475318939891,1.00000000000000000000,-0.00000068661256591440
32,872,4,0.00000753916037865565,1.00000000000000000000,-0.00000070179805788939
32,873,4,0.00000769875259720720,1.00000000000000000000,-0.00000071737525786375
32,874,4,0.00000786222790338797,1.00000000000000000000,-0.00000073335576189493
32,875,4,0.00000803116290626349,1.00000000000000000000,-0.00000074956659545933
32,876,4,0.00000820454715722008,1.00000000000000000000,-0.00000076614469435299
32,877,4,0.00000838351752463495,1.00000000000000000000,-0.00000078278571891133
32,878,4,0.00000856709448271431,1.00000000000000000000,-0.00000079984380363385
32,879,4,0.00000875679415912600,1.00000000000000000000,-0.00000081742086877057
32,880,4,0.00000895152970770141,1.00000000000000000000,-0.00000083504954773161
32,881,4,0.00000915289547265274,1.00000000000000000000,-0.00000085297330087997
32,882,4,0.00000935943353397306,1.00000000000000000000,-0.00000087109646074168
32,883,4,0.00000957320298766717,1.00000000000000000000,-0.00000088972132061826
32,884,4,0.00000979279138846323,1.00000000000000000000,-0.00000090856673296003
32,885,4,0.00001002013050310779,1.00000000000000000000,-0.00000092738315515817
32,886,4,0.00001025360688799992,1.00000000000000000000,-0.00000094641688974662
32,887,4,0.00001049512593453983,1.00000000000000000000,-0.00000096562416729284
32,888,4,0.00001074348801921587,1.00000000000000000000,-0.00000098506461654324
32,889,4,0.00001100052122637862,1.00000000000000000000,-0.00000100490035492840
32,890,4,0.00001126540882978588,1.00000000000000000000,-0.00000102472756680072
32,891,4,0.00001153958146460354,1.00000000000000000000,-0.00000104489970453869
32,892,4,0.00001182166670332663,1.00000000000000000000,-0.00000106504990071699
32,893,4,0.00001211406197398901,1.00000000000000000000,-0.00000108531594378292
32,894,4,0.00001241523659700761,1.00000000000000000000,-0.00000110570749711769
32,895,4,0.00001272699046239723,1.00000000000000000000,-0.00000112622103642934
32,896,4,0.00001304855777561897,1.00000000000000000000,-0.00000114664646844176
32,897,4,0.00001338198762823595,1.00000000000000000000,-0.00000116716887532675
32,898,4,0.00001372600036120275,1.00000000000000000000,-0.00000118747561828059
32,899,4,0.00001408243042533286,1.00000000000000000000,-0.00000120813388093666
32,900,4,0.00001445019279344706,1.00000000000000000000,-0.00000122847984584951
32,901,4,0.00001483219784859102,1.00000000000000000000,-0.00000124834934922546
32,902,4,0.00001522643651696853,1.00000000000000000000,-0.00000126799238842068
32,903,4,0.00001563572914164979,1.00000000000000000000,-0.00000128790509279497
32,904,4,0.00001605834222573321,1.00000000000000000000,-0.00000130732223624364
32,905,4,0.00001649749356147368,1.00000000000000000000,-0.00000132620789372595
32,906,4,0.00001695142600510735,1.00000000000000000000,-0.00000134461208745051
32,907,4,0.00001742338827170897,1.00000000000000000000,-0.00000136254936933256
32,908,4,0.00001791145587048959,1.00000000000000000000,-0.00000137990923576581
32,909,4,0.00001841898119891994,1.00000000000000000000,-0.00000139665235110442
32,910,4,0.00001894406887004152,1.00000000000000000000,-0.00000141255054586509
32,911,4,0.00001949080979102291,1.00000000000000000000,-0.00000142765236432751
32,912,4,0.00002005742862820625,1.00000000000000000000,-0.00000144156012993335
32,913,4,0.00002064644104393665,1.00000000000000000000,-0.00000145515582516964
32,914,4,0.00002125752689607907,1.00000000000000000000,-0.00000146771981235361
32,915,4,0.00002189406222896650,1.00000000000000000000,-0.00000147885373280587
32,916,4,0.00002255481376778334,1.00000000000000000000,-0.00000148887352224847
32,917,4,0.00002324338129255921,1.00000000000000000000,-0.00000149732602494623
32,918,4,0.00002395863702986389,1.00000000000000000000,-0.00000150451285207964
32,919,4,0.00002470446088409517,1.00000000000000000000,-0.00000150938126353140
32,920,4,0.00002548015254433267,1.00000000000000000000,-0.00000151216329413728
32,921,4,0.00002628936636028811,1.00000000000000000000,-0.00000151427400396642
32,922,4,0.00002713138565013651,1.00000000000000000000,-0.00000151399012793263
32,923,4,0.00002801075424940791,1.00000000000000000000,-0.00000151143751736527
32,924,4,0.00002892684642574750,1.00000000000000000000,-0.00000150676180510345
32,925,4,0.00002988436972373165,1.00000000000000000000,-0.00000149870288623788
32,926,4,0.00003088300218223594,1.00000000000000000000,-0.00000148807191635569
32,927,4,0.00003192715666955337,1.00000000000000000000,-0.00000147545233630808
32,928,4,0.00003301677861600183,1.00000000000000000000,-0.00000145923888794641
32,929,4,0.00003415771789150313,1.00000000000000000000,-0.00000143979093536473
32,930,4,0.00003534930874593556,1.00000000000000000000,-0.00000141675116083206
32,931,4,0.00003659793583210558,1.00000000000000000000,-0.00000139057124215469
32,932,4,0.00003790291884797625,1.00000000000000000000,-0.00000135993514049915
32,933,4,0.00003927204670617357,1.00000000000000000000,-0.00000132498303173634
32,934,4,0.00004070429349667393,1.00000000000000000000,-0.00000128589795167500
32,935,4,0.00004220843766233884,1.00000000000000000000,-0.00000124233667975204
32,936,4,0.00004378403173177503,1.00000000000000000000,-0.00000119371622986364
32,937,4,0.00004543976683635265,1.00000000000000000000,-0.00000114030046916014
32,938,4,0.00004717565025202930,1.00000000000000000000,-0.00000108128108422534
32,939,4,0.00004900191561318934,1.00000000000000000000,-0.00000101642979188910
32,940,4,0.00005091846833238378,1.00000000000000000000,-0.00000094598885880259
32,941,4,0.00005293659705785103,1.00000000000000000000,-0.00000086933823695290
32,942,4,0.00005505648005055264,1.00000000000000000000,-0.00000078594979413538
32,943,4,0.00005729175245505758,1.00000000000000000000,-0.00000069585564688168
32,944,4,0.00005964171577943489,1.00000000000000000000,-0.00000059861952195206
32,945,4,0.00006212183507159352,1.00000000000000000000,-0.00000049382936140319
32,946,4,0.00006473229586845264,1.00000000000000000000,-0.00000038065229546191
32,947,4,0.00006748946179868653,1.00000000000000000000,-0.00000025995717578553
32,948,4,0.00007039470074232668,1.00000000000000000000,-0.00000013041288582372
32,949,4,0.00007346701750066131,1.00000000000000000000,0.00000000807000599679
32,950,4,0.00007670635386602953,1.00000000000000000000,0.00000015589034774166
32,951,4,0.00008013535261852667,1.00000000000000000000,0.00000031336094252765
32,952,4,0.00008375483594136313,1.00000000000000000000,0.00000048125963303391
32,953,4,0.00008758971671340987,1.00000000000000000000,0.00000065971238427665
32,954,4,0.00009164164657704532,1.00000000000000000000,0.00000084939773614678
32,955,4,0.00009593804134055972,1.00000000000000000000,0.00000105018875729002
32,956,4,0.00010048208787338808,1.00000000000000000000,0.00000126338568406936
32,957,4,0.00010530389408813789,1.00000000000000000000,0.00000148964852542122
32,958,4,0.00011040869139833376,1.00000000000000000000,0.00000172904867667967
32,959,4,0.00011582945444388315,1.00000000000000000000,0.00000198220959646278
32,960,4,0.00012157314631622285,1.00000000000000000000,0.00000225038047574344
32,961,4,0.00012767608859576285,1.00000000000000000000,0.00000253394364335691
32,962,4,0.00013414827117230743,1.00000000000000000000,0.00000283382655652531
32,963,4,0.00014102995919529349,1.00000000000000000000,0.00000315085958391137
32,964,4,0.00014833267778158188,1.00000000000000000000,0.00000348668481819914
32,965,4,0.00015610305126756430,1.00000000000000000000,0.00000384258601116017
32,966,4,0.00016435487486887723,1.00000000000000000000,0.00000421983804699266
32,967,4,0.00017313691205345094,1.00000000000000000000,0.00000461958279629471
32,968,4,0.00018247058324050158,1.00000000000000000000,0.00000504417994307005
32,969,4,0.00019240730034653097,1.00000000000000000000,0.00000549553124074009
32,970,4,0.00020297356240916997,1.00000000000000000000,0.00000597711368754972
32,971,4,0.00021422638383228332,1.00000000000000000000,0.00000649104640615406
32,972,4,0.00022619641094934195,1.00000000000000000000,0.00000704082958691288
32,973,4,0.00023894774494692683,1.00000000000000000000,0.00000763067691877950
32,974,4,0.00025251720217056572,1.00000000000000000000,0.00000826509221951710
32,975,4,0.00026697365683503449,1.00000000000000000000,0.00000894965796760516
32,976,4,0.00028235954232513905,1.00000000000000000000,0.00000969121902016923
32,977,4,0.00029875058680772781,1.00000000000000000000,0.00001049681668519042
32,978,4,0.00031619897345080972,0.99999994039535522461,0.00001137515846494352
32,979,4,0.00033478383556939662,0.99999994039535522461,0.00001233700186276110
32,980,4,0.00035456541809253395,0.99999994039535522461,0.00001339567188551882
32,981,4,0.00037563033401966095,1.00000000000000000000,0.00001456474637961946
32,982,4,0.00039804753032512963,1.00000000000000000000,0.00001586141479492653
32,983,4,0.00042190728709101677,0.99999994039535522461,0.00001730666008370463
32,984,4,0.00044729030923917890,1.00000000000000000000,0.00001892433101602364
32,985,4,0.00047429042751900852,0.99999988079071044922,0.00002074310032185167
32,986,4,0.00050299509894102812,0.99999994039535522461,0.00002279745240230113
32,987,4,0.00053350726375356317,0.99999994039535522461,0.00002512740320526063
32,988,4,0.00056591676548123360,0.99999994039535522461,0.00002778096677502617
32,989,4,0.00060032872715964913,0.99999988079071044922,0.00003081576869590208
32,990,4,0.00063684256747364998,0.99999988079071044922,0.00003430036667850800
32,991,4,0.00067555956775322556,0.99999976158142089844,0.00003831637877738103
32,992,4,0.00071658345405012369,0.99999982118606567383,0.00004296168845030479
32,993,4,0.00076001143315806985,0.99999976158142089844,0.00004835420259041712
32,994,4,0.00080594036262482405,0.99999970197677612305,0.00005463511843117885
32,995,4,0.00085446384036913514,0.99999970197677612305,0.00006197359471116215
32,996,4,0.00090566679136827588,0.99999964237213134766,0.00007057608308969066
32,997,4,0.00095962773775681853,0.99999958276748657227,0.00008068919851211831
32,998,4,0.00101640622597187757,0.99999952316284179688,0.00009261271770810708
32,999,4,0.00107605475932359695,0.99999952316284179688,0.00010670936899259686
32,1000,4,0.00113860843703150749,0.99999940395355224609,0.00012341859110165387
32,1001,4,0.00120406923815608025,0.99999934434890747070,0.00014327351527754217
32,1002,4,0.00127242971211671829,0.99999928474426269531,0.00016692430654074997
32,1003,4,0.00134362990502268076,0.99999910593032836914,0.00019515541498549283
32,1004,4,0.00141759868711233139,0.99999898672103881836,0.00022892224660608917
32,1005,4,0.00149418704677373171,0.99999892711639404297,0.00026938226073980331
32,1006,4,0.00157323642633855343,0.99999874830245971680,0.00031793609377928078
32,1007,4,0.00165450514759868383,0.99999862909317016602,0.00037627012352459133
32,1008,4,0.00173771812114864588,0.99999839067459106445,0.00044641201384365559
32,1009,4,0.00182250468060374260,0.99999821186065673828,0.00053077563643455505
32,1010,4,0.00190843001473695040,0.99999797344207763672,0.00063222250901162624
32,1011,4,0.00199500704184174538,0.99999773502349853516,0.00075408408883959055
32,1012,4,0.00208160933107137680,0.99999743700027465820,0.00090018857736140490
32,1013,4,0.00216760090552270412,0.99999713897705078125,0.00107480038423091173
32,1014,4,0.00225215079262852669,0.99999666213989257812,0.00128248846158385277
32,1015,4,0.00233444431796669960,0.99999612569808959961,0.00152781244833022356
32,1016,4,0.00241348287090659142,0.99999552965164184570,0.00181465642526745796
32,1017,4,0.00248818239197134972,0.99999463558197021484,0.00214517908170819283
32,1018,4,0.00255733565427362919,0.99999356269836425781,0.00251786084845662117
32,1019,4,0.00261962832883000374,0.99999231100082397461,0.00292456173337996006
32,1020,4,0.00267348135821521282,0.99999088048934936523,0.00334629672579467297
32,1021,4,0.00271721207536756992,0.99998927116394042969,0.00374828465282917023
32,1022,4,0.00274874386377632618,0.99998795986175537109,0.00407739030197262764
32,1023,4,0.00276578892953693867,0.99998706579208374023,0.00426882412284612656
